Company,Location_HQ,Industry,Laid_Off_Count,Percentage,Date,Funds_Raised,Stage,Country
Atlassian,Sydney,Other,500,0.05,06-03-2023,210,Post-IPO,Australia
SiriusXM,New York City,Media,475,0.08,06-03-2023,525,Post-IPO,United States
Embark Trucks,SF Bay Area,Transportation,230,0.7,03-03-2023,317,Post-IPO,United States
Zscaler,SF Bay Area,Security,177,0.03,02-03-2023,148,Post-IPO,United States
Fittr,Pune,Fitness,30,0.11,02-03-2023,13,Series A,India
CNET,SF Bay Area,Media,12,0.1,02-03-2023,20,Acquired,United States
Thoughtworks,Chicago,Other,500,0.04,01-03-2023,748,Post-IPO,United States
iFood,Sao Paulo,Food,355,0.06,01-03-2023,2100,Subsidiary,Brazil
Waymo,SF Bay Area,Transportation,209,0.08,01-03-2023,5500,Subsidiary,United States
PayFit,Paris,HR,200,0.2,01-03-2023,495,Series E,France
Sonder,SF Bay Area,Travel,100,0.14,01-03-2023,839,Post-IPO,United States
Eventbrite,SF Bay Area,Consumer,80,0.08,28-02-2023,557,Post-IPO,United States
Cerebral,SF Bay Area,Healthcare,285,0.15,27-02-2023,462,Series C,United States
Palantir,Denver,Data,75,0.02,27-02-2023,3000,Post-IPO,United States
Outreach,Seattle,Sales,70,0.07,27-02-2023,489,Series G,United States
Stytch,SF Bay Area,Security,19,0.25,27-02-2023,126,Series B,United States
Twitter,SF Bay Area,Consumer,200,0.1,25-02-2023,12900,Post-IPO,United States
Ericsson,Stockholm,Other,8500,0.08,24-02-2023,663,Post-IPO,Sweden
OneFootball,Berlin,Marketing,150,0.32,23-02-2023,442,Series D,Germany
MyGate,Bengaluru,Other,200,0.3,20-02-2023,79,Series B,India
Fireblocks,New York City,Crypto,30,0.05,20-02-2023,1000,Series E,United States
Kinde,Sydney,Other,8,0.28,20-02-2023,10,Seed,Australia
Chipper Cash,SF Bay Area,Finance,100,0.33,17-02-2023,302,Series C,United States
DocuSign,SF Bay Area,Sales,680,0.1,16-02-2023,536,Post-IPO,United States
Pico Interactive,SF Bay Area,Other,400,0.2,16-02-2023,62,Acquired,United States
The RealReal,SF Bay Area,Retail,230,0.07,16-02-2023,356,Post-IPO,United States
Smartsheet,Seattle,Other,85,0.03,16-02-2023,152,Post-IPO,United States
Wix,Tel Aviv,Marketing,370,0.06,15-02-2023,58,Post-IPO,Israel
ServiceTitan,Los Angeles,Sales,221,0.08,15-02-2023,1100,Series G,United States
Neon,Sao Paulo,Finance,210,0.09,15-02-2023,720,Series D,Brazil
DigitalOcean,New York City,Infrastructure,200,0.11,15-02-2023,491,Post-IPO,United States
Sprinklr,New York City,Support,100,0.04,15-02-2023,429,Post-IPO,United States
Twilio,SF Bay Area,Other,1500,0.17,13-02-2023,614,Post-IPO,United States
Electric,New York City,Other,141,0.25,13-02-2023,212,Series D,United States
iRobot,Boston,Consumer,85,0.07,13-02-2023,30,Acquired,United States
Moladin,Jakarta,Transportation,360,0.11,12-02-2023,138,Series B,Indonesia
TripleLift,New York City,Marketing,100,0.2,10-02-2023,16,Acquired,United States
Yahoo,SF Bay Area,Consumer,1600,0.2,09-02-2023,6,Acquired,United States
Misfits Market,Philadelphia,Food,649,0.33,09-02-2023,526,Series C,United States
Deliveroo,London,Food,350,0.09,09-02-2023,1700,Post-IPO,United Kingdom
Olive AI,Columbus,Healthcare,215,0.35,09-02-2023,856,Series H,United States
Oportun,SF Bay Area,Finance,155,0.1,09-02-2023,566,Post-IPO,United States
GitLab,SF Bay Area,Product,130,0.07,09-02-2023,413,Post-IPO,United States
Veriff,Tallinn,Security,66,0.12,09-02-2023,192,Series C,Estonia
REE Automotive,Tel Aviv,Transportation,31,0.11,09-02-2023,317,Post-IPO,Israel
GoDaddy,Phoenix,Marketing,530,0.08,08-02-2023,800,Post-IPO,United States
Affirm,SF Bay Area,Finance,500,0.19,08-02-2023,1500,Post-IPO,United States
Gusto,SF Bay Area,HR,126,0.05,08-02-2023,746,Series E,United States
Gong,SF Bay Area,Sales,80,0.07,08-02-2023,583,Series E,United States
Beam Benefits,Columbus,Healthcare,31,0.08,08-02-2023,168,Series E,United States
Equitybee,SF Bay Area,Finance,24,0.25,08-02-2023,85,Series B,United States
Zoom,SF Bay Area,Other,1300,0.15,07-02-2023,276,Post-IPO,United States
eBay,SF Bay Area,Retail,500,0.04,07-02-2023,1200,Post-IPO,United States
SecureWorks,Atlanta,Security,212,0.09,07-02-2023,83,Post-IPO,United States
Salesloft,Atlanta,Sales,100,0.1,07-02-2023,245,Acquired,United States
Openpay,Melbourne,Finance,83,1,07-02-2023,299,Post-IPO,Australia
LearnUpon,Dublin,Education,27,0.09,07-02-2023,56,Private Equity,Ireland
Loggi,Sao Paulo,Logistics,300,0.07,06-02-2023,507,Series F,Brazil
Lightico,Tel Aviv,Finance,20,0.25,05-02-2023,42,Series B,Israel
Okta,SF Bay Area,Security,300,0.05,02-02-2023,1200,Post-IPO,United States
Miro,SF Bay Area,Other,119,0.07,02-02-2023,476,Series C,United States
Highspot,Seattle,Sales,100,0.1,02-02-2023,644,Series F,United States
Splunk,SF Bay Area,Data,325,0.04,01-02-2023,2400,Post-IPO,United States
DraftKings,Boston,Consumer,140,0.04,01-02-2023,719,Post-IPO,United States
Workato,SF Bay Area,Other,90,0.1,01-02-2023,415,Series E,United States
Wheel,Austin,Healthcare,56,0.28,01-02-2023,215,Series C,United States
Chainalysis,New York City,Crypto,44,0.05,01-02-2023,536,Series F,United States
Exterro,Portland,Legal,24,0.03,01-02-2023,100,Private Equity,United States
TheSkimm,New York City,Media,17,0.1,01-02-2023,28,Series C,United States
PayPal,SF Bay Area,Finance,2000,0.07,31-01-2023,216,Post-IPO,United States
Workday,SF Bay Area,HR,525,0.03,31-01-2023,230,Post-IPO,United States
HubSpot,Boston,Marketing,500,0.07,31-01-2023,100,Post-IPO,United States
Upstart,SF Bay Area,Finance,365,0.2,31-01-2023,144,Post-IPO,United States
Software AG,Frankfurt,Data,200,0.04,31-01-2023,344,Post-IPO,Germany
Wish,SF Bay Area,Retail,150,0.17,31-01-2023,1600,Post-IPO,United States
Arrival,London,Transportation,800,0.5,30-01-2023,629,Post-IPO,United Kingdom
Glovo,Barcelona,Food,250,0.06,30-01-2023,1200,Acquired,Spain
Delivery Hero,Berlin,Food,156,0.04,30-01-2023,9900,Post-IPO,Germany
Impossible Foods copy,SF Bay Area,Food,140,0.2,30-01-2023,1900,Series H,United States
Chrono24,Karlsruhe,Retail,65,0.13,30-01-2023,205,Series C,Germany
DealShare,Bengaluru,Retail,100,0.06,27-01-2023,390,Series E,India
Matrixport,Singapore,Crypto,29,0.1,27-01-2023,100,Series C,Singapore
Shakepay,Montreal,Crypto,21,0.25,27-01-2023,45,Series A,Canada
#Paid,Toronto,Marketing,19,0.17,27-01-2023,21,Series B,Canada
SAP,Walldorf,Other,3000,0.03,26-01-2023,1300,Post-IPO,Germany
Confluent,SF Bay Area,Data,221,0.08,26-01-2023,455,Post-IPO,United States
Luno,London,Crypto,330,0.35,25-01-2023,13,Acquired,United Kingdom
Guardant Health,SF Bay Area,Healthcare,130,0.07,25-01-2023,550,Post-IPO,United States
SirionLabs,Seattle,Legal,130,0.15,25-01-2023,171,Series D,United States
Tier Mobility,Berlin,Transportation,80,0.07,25-01-2023,646,Series D,Germany
Vacasa,Portland,Travel,1300,0.17,24-01-2023,834,Post-IPO,United States
Innovaccer,SF Bay Area,Healthcare,245,0.15,24-01-2023,379,Series E,United States
Bolt,SF Bay Area,Finance,50,0.1,24-01-2023,1300,Series E,United States
PartnerStack,Toronto,Sales,40,0.2,24-01-2023,36,Series B,Canada
Gitpod,Kiel,Product,21,0.28,24-01-2023,41,Series A,Germany
Spotify,Stockholm,Media,600,0.06,23-01-2023,2100,Post-IPO,Sweden
Uber Freight,SF Bay Area,Logistics,150,0.03,23-01-2023,2700,Subsidiary,United States
Innovid,New York City,Marketing,40,0.1,23-01-2023,295,Post-IPO,United States
Ermetic,SF Bay Area,Security,30,0.17,23-01-2023,97,Series B,United States
Namogoo,Tel Aviv,Marketing,20,0.15,23-01-2023,69,Series C,United States
Google,SF Bay Area,Consumer,12000,0.06,20-01-2023,26,Post-IPO,United States
Wayfair,Boston,Retail,1750,0.1,20-01-2023,1700,Post-IPO,United States
Vox Media,Washington D.C.,Media,130,0.07,20-01-2023,307,Series F,United States
Citrine Informatics,SF Bay Area,Data,22,0.27,20-01-2023,64,Series C,United States
Hubilo,SF Bay Area,Other,115,0.35,19-01-2023,153,Series B,United States
CS Disco,Austin,Legal,62,0.09,19-01-2023,233,Post-IPO,United States
Microsoft,Seattle,Other,10000,0.05,18-01-2023,1,Post-IPO,United States
Sophos,Oxford,Security,450,0.1,18-01-2023,125,Acquired,United States
Teladoc Health,New York City,Healthcare,300,0.06,18-01-2023,172,Post-IPO,United States
Vroom,New York City,Transportation,275,0.2,18-01-2023,1300,Post-IPO,United States
8x8,SF Bay Area,Support,155,0.07,18-01-2023,253,Post-IPO,United States
Pagaya,New York City,Finance,140,0.2,18-01-2023,571,Post-IPO,United States
Inspirato,Denver,Travel,109,0.12,18-01-2023,179,Post-IPO,United States
Jumpcloud,Boulder,Security,100,0.12,18-01-2023,416,Series F,United States
nCino,Wilmington,Finance,100,0.07,18-01-2023,1100,Post-IPO,United States
Starry,Boston,Other,100,0.24,18-01-2023,260,Post-IPO,United States
Hootsuite,Vancouver,Marketing,70,0.07,18-01-2023,300,Series C,Canada
Addepar,SF Bay Area,Finance,20,0.03,18-01-2023,491,Series F,United States
Lightspeed Commerce,Montreal,Retail,300,0.1,17-01-2023,1200,Post-IPO,Canada
Unity,SF Bay Area,Other,284,0.03,17-01-2023,1300,Post-IPO,United States
Exotel,Bengaluru,Support,142,0.15,17-01-2023,87,Series D,India
Unico,Sao Paulo,Other,110,0.1,17-01-2023,336,Series D,Brazil
American Robotics,Boston,Other,50,0.65,17-01-2023,92,Acquired,United States
ShareChat,Bengaluru,Consumer,500,0.2,16-01-2023,1700,Series H,India
ClearCo,Toronto,Finance,50,0.3,16-01-2023,698,Series C,Canada
Snappy,New York City,Marketing,100,0.3,15-01-2023,104,Series C,United States
BharatAgri,Mumbai,Food,40,0.43,15-01-2023,21,Series A,India
Lending Club,SF Bay Area,Finance,225,0.14,12-01-2023,392,Post-IPO,United States
SmartNews,Tokyo,Media,120,0.4,12-01-2023,410,Series F,United States
Pier,Sao Paulo,Finance,111,0.39,12-01-2023,42,Series B,Brazil
Blockchain.com,London,Crypto,110,0.28,12-01-2023,490,Series D,United Kingdom
Greenlight,Atlanta,Finance,104,0.21,12-01-2023,556,Series D,United States
Flexport,SF Bay Area,Logistics,640,0.2,11-01-2023,2400,Series E,United States
Qualtrics,Salt Lake City,Other,270,0.05,11-01-2023,400,Post-IPO,United States
Tipalti,SF Bay Area,Finance,123,0.11,11-01-2023,565,Series F,United States
Jumio,SF Bay Area,Security,100,0.06,11-01-2023,205,Private Equity,United States
Coinbase,SF Bay Area,Crypto,950,0.2,10-01-2023,549,Post-IPO,United States
Blend,SF Bay Area,Finance,340,0.28,10-01-2023,665,Post-IPO,United States
ConsenSys,New York City,Crypto,100,0.11,10-01-2023,726,Series D,United States
ForeScout,SF Bay Area,Security,100,0.1,10-01-2023,125,Post-IPO,United States
Thinkific,Vancouver,Education,76,0.19,10-01-2023,22,Post-IPO,Canada
Parler,Nashville,Consumer,60,0.75,10-01-2023,36,Series B,United States
GoBolt,Toronto,Logistics,55,0.05,10-01-2023,178,Series C,Canada
StreamElements,Tel Aviv,Media,40,0.2,10-01-2023,111,Series B,Israel
Fate Therapeutics,San Diego,Healthcare,315,0.57,09-01-2023,1200,Post-IPO,United States
Minute Media,London,Media,50,0.1,08-01-2023,160,Series I,United Kingdom
WalkMe,SF Bay Area,Other,43,0.03,08-01-2023,307,Post-IPO,United States
Bounce,Bengaluru,Transportation,40,0.05,06-01-2023,214,Series D,India
SoundHound,SF Bay Area,Other,200,0.5,05-01-2023,326,Post-IPO,United States
Socure,Reno,Finance,104,0.19,05-01-2023,646,Series E,United States
Moglix,Singapore,Retail,40,0.02,05-01-2023,472,Series F,Singapore
Pecan AI,Tel Aviv,Data,30,0.25,05-01-2023,116,Series C,Israel
Personetics,New York City,Support,30,0.08,05-01-2023,178,Private Equity,United States
UpScalio,Gurugram,Retail,25,0.15,05-01-2023,62,Series B,India
Amazon,Seattle,Retail,8000,0.02,04-01-2023,108,Post-IPO,United States
Salesforce,SF Bay Area,Sales,8000,0.1,04-01-2023,65,Post-IPO,United States
Astronomer,Cincinnati,Data,76,0.2,04-01-2023,282,Series C,United States
Kaltura,New York City,Media,75,0.11,04-01-2023,166,Post-IPO,United States
Augury,New York City,Manufacturing,20,0.05,04-01-2023,274,Series E,United States
Uniphore,SF Bay Area,Support,76,0.1,03-01-2023,620,Series E,United States
Back Market,Paris,Retail,93,0.13,23-12-2022,1000,Series E,France
TuSimple,San Diego,Transportation,350,0.25,21-12-2022,648,Post-IPO,United States
Chope,Singapore,Food,65,0.24,20-12-2022,50,Series E,Singapore
Briza,Toronto,Finance,26,0.4,20-12-2022,10,Series A,Canada
Homebot,Denver,Real Estate,18,0.13,19-12-2022,4,Acquired,United States
Revelate,Montreal,Data,24,0.3,16-12-2022,26,Series A,Canada
BigCommerce,Austin,Retail,180,0.13,15-12-2022,224,Post-IPO,United States
Freshworks,SF Bay Area,Support,90,0.02,15-12-2022,484,Post-IPO,United States
LeafLink,New York City,Other,80,0.31,15-12-2022,379,Series C,United States
Workmotion,Berlin,HR,60,0.2,15-12-2022,76,Series B,United States
JD.ID,Jakarta,Retail,200,0.3,14-12-2022,5100,Post-IPO,Indonesia
ChowNow,Los Angeles,Food,40,0.1,14-12-2022,64,Series C,United States
Thumbtack,SF Bay Area,Consumer,160,0.14,13-12-2022,698,Series I,United States
Edgio,Phoenix,Infrastructure,95,0.1,13-12-2022,462,Post-IPO,United States
Komodo Health,SF Bay Area,Healthcare,78,0.09,13-12-2022,514,Series E,United States
Pluralsight,Salt Lake City,Education,400,0.2,12-12-2022,192,Acquired,United States
Outschool,SF Bay Area,Education,43,0.25,10-12-2022,240,Series D,United States
Xentral,Munich,Product,20,0.1,10-12-2022,94,Series B,Germany
Alice,Sao Paulo,Healthcare,113,0.16,09-12-2022,174,Series C,Brazil
Primer,London,Finance,85,0.33,09-12-2022,73,Series B,United Kingdom
OneFootball,Berlin,Marketing,62,0.115,09-12-2022,442,Series D,Germany
C2FO,Kansas City,Finance,20,0.02,09-12-2022,537,Series H,United States
Airtable,SF Bay Area,Product,254,0.2,08-12-2022,1400,Series F,United States
Glints,Singapore,HR,198,0.18,08-12-2022,82,Series D,Singapore
Buser,Sao Paulo,Transportation,160,0.3,08-12-2022,138,Series C,Brazil
BlackLine,Los Angeles,Finance,95,0.05,08-12-2022,220,Private Equity,United States
Otonomo,Tel Aviv,Transportation,80,0.5,08-12-2022,231,Post-IPO,Israel
TechTarget,Boston,Marketing,60,0.05,08-12-2022,115,Post-IPO,United States
CyCognito,SF Bay Area,Security,30,0.15,08-12-2022,153,Series C,United States
Armis,SF Bay Area,Security,25,0.04,08-12-2022,537,Private Equity,United States
Plaid,SF Bay Area,Finance,260,0.2,07-12-2022,734,Series D,United States
Motive,SF Bay Area,Transportation,237,0.06,07-12-2022,567,Series F,United States
Relativity,Chicago,Legal,150,0.1,07-12-2022,125,Private Equity,United States
Voi,Stockholm,Transportation,130,0.13,07-12-2022,515,Series D,United States
Integral Ad Science,New York City,Marketing,120,0.13,07-12-2022,116,Acquired,United States
Houzz,SF Bay Area,Consumer,95,0.08,07-12-2022,613,Series E,United States
Lev,New York City,Real Estate,30,0.3,07-12-2022,114,Series B,United States
Lithic,New York City,Finance,27,0.18,07-12-2022,115,Series C,United States
Doma,SF Bay Area,Finance,515,0.4,06-12-2022,679,Post-IPO,United States
BuzzFeed,New York City,Media,180,0.12,06-12-2022,696,Post-IPO,United States
Chipper Cash,SF Bay Area,Finance,50,0.125,06-12-2022,302,Series C,United States
Perimeter 81,Tel Aviv,Security,20,0.08,06-12-2022,165,Series C,Israel
Bridgit,Waterloo,Construction,13,0.13,06-12-2022,36,Series B,Canada
Aqua Security,Boston,Security,65,0.1,05-12-2022,265,Series E,United States
DataRails,Tel Aviv,Finance,30,0.18,05-12-2022,103,Series B,Israel
Polly,Burlington,Finance,47,0.15,02-12-2022,184,Series C,United States
Carousell,Singapore,Retail,110,0.1,01-12-2022,372,Private Equity,Singapore
Bizzabo,New York City,Marketing,100,0.37,01-12-2022,194,Series E,United States
Netlify,SF Bay Area,Product,48,0.16,01-12-2022,212,Series D,United States
Springbig,Miami,Sales,37,0.23,01-12-2022,32,Post-IPO,United States
DoorDash,SF Bay Area,Food,1250,0.06,30-11-2022,2500,Post-IPO,United States
Happy Money,Los Angeles,Finance,158,0.34,30-11-2022,191,Series D,United States
Ula,Jakarta,Retail,134,0.23,30-11-2022,140,Series B,Indonesia
Wonder,New York City,Food,130,0.07,30-11-2022,850,Series B,United States
Grin,Sacramento,Marketing,60,0.13,30-11-2022,145,Series B,United States
Ual√°,Buenos Aires,Finance,53,0.03,30-11-2022,544,Series D,Argentina
Teachmint,Bengaluru,Education,45,0.05,30-11-2022,118,Series B,India
Thread,London,Retail,30,0.5,30-11-2022,40,Acquired,United Kingdom
Infarm,Berlin,Other,500,0.5,28-11-2022,604,Series D,Germany
ApplyBoard,Waterloo,Education,90,0.06,28-11-2022,483,Series D,Canada
Candy Digital,New York City,Crypto,33,0.33,28-11-2022,100,Series A,United States
ResearchGate,Berlin,Other,25,0.1,28-11-2022,87,Series D,Germany
VerSe Innovation,Bengaluru,Media,150,0.05,25-11-2022,1700,Series J,India
Vendease,Lagos,Food,27,0.09,25-11-2022,43,Series A,Nigeria
Lemon,Buenos Aires,Crypto,100,0.38,24-11-2022,17,Series A,Argentina
SIRCLO,Jakarta,Retail,160,0.08,22-11-2022,92,Series B,Indonesia
Trax,Singapore,Retail,80,0.08,22-11-2022,1000,Series E,Singapore
Jumia,Lagos,Retail,900,0.2,21-11-2022,1200,Post-IPO,Nigeria
Kitopi,Dubai,Food,93,0.1,21-11-2022,804,Series C,United States
Zomato,Gurugram,Food,100,0.04,19-11-2022,914,Series J,India
Carvana,Phoenix,Transportation,1500,0.08,18-11-2022,1600,Post-IPO,United States
Nuro,SF Bay Area,Transportation,300,0.2,18-11-2022,2100,Series D,United States
Synthego,SF Bay Area,Healthcare,105,0.2,18-11-2022,459,Series E,United States
Roku,SF Bay Area,Media,200,0.07,17-11-2022,208,Post-IPO,United States
Capitolis,New York City,Finance,37,0.25,17-11-2022,281,Series D,United States
TealBook,Toronto,Other,34,0.19,17-11-2022,73,Series B,Canada
Koho,Toronto,Finance,15,0.04,17-11-2022,278,Series D,Canada
&Open,Dublin,Marketing,9,0.09,17-11-2022,35,Series A,Ireland
Amazon,Seattle,Retail,10000,0.03,16-11-2022,108,Post-IPO,United States
Cisco,SF Bay Area,Infrastructure,4100,0.05,16-11-2022,2,Post-IPO,United States
Twiga,Nairobi,Food,211,0.21,16-11-2022,157,Series C,Kenya
SimilarWeb,New York City,Other,120,0.1,16-11-2022,235,Post-IPO,United States
Salsify,Boston,Retail,90,0.11,16-11-2022,452,Series F,United States
Lokalise,Dover,Other,76,0.23,16-11-2022,56,Series B,United States
Pear Therapeutics,Boston,Healthcare,59,0.22,16-11-2022,409,Post-IPO,United States
UiPath,New York City,Data,241,0.06,15-11-2022,2000,Post-IPO,United States
Asana,SF Bay Area,Other,180,0.09,15-11-2022,453,Post-IPO,United States
OwnBackup,New York City,Security,170,0.17,15-11-2022,507,Series E,United States
Deliveroo Australia,Melbourne,Food,120,1,15-11-2022,1700,Post-IPO,Australia
CaptivateIQ,SF Bay Area,Sales,31,0.1,15-11-2022,164,Series C,United States
Illumina,San Diego,Healthcare,500,0.05,14-11-2022,28,Post-IPO,United States
iFit,Logan,Fitness,300,0.2,14-11-2022,200,Private Equity,United States
Ribbon,New York City,Real Estate,170,0.85,14-11-2022,405,Series C,United States
Pipedrive,Tallinn,Sales,143,0.15,14-11-2022,90,Private Equity,Estonia
Intercom,SF Bay Area,Support,124,0.13,14-11-2022,240,Series D,United States
Pear Therapeutics,Boston,Healthcare,59,0.22,14-11-2022,409,Post-IPO,United States
Veev,SF Bay Area,Real Estate,100,0.3,11-11-2022,597,Series D,United States
Forto,Berlin,Logistics,60,0.08,11-11-2022,593,Series D,United States
GoTo Group,Jakarta,Transportation,1300,0.12,10-11-2022,1300,Post-IPO,Indonesia
Blend,SF Bay Area,Finance,100,0.06,10-11-2022,665,Post-IPO,United States
InfluxData,SF Bay Area,Data,65,0.27,10-11-2022,119,Series D,United States
SoundHound,SF Bay Area,Other,45,0.1,10-11-2022,326,Post-IPO,United States
Ocavu,Lehi,Crypto,20,0.48,10-11-2022,11,Series A,United States
Meta,SF Bay Area,Consumer,11000,0.13,09-11-2022,26000,Post-IPO,United States
Redfin,Seattle,Real Estate,862,0.13,09-11-2022,320,Post-IPO,United States
Flyhomes,Seattle,Real Estate,300,0.4,09-11-2022,310,Series C,United States
AvantStay,Los Angeles,Travel,144,0.22,09-11-2022,686,Private Equity,United States
Root Insurance,Columbus,Finance,137,0.2,09-11-2022,527,Post-IPO,United States
Liftoff,SF Bay Area,Marketing,130,0.15,09-11-2022,6,Acquired,United States
Plum,Bengaluru,Healthcare,36,0.1,09-11-2022,20,Series A,India
Kabam,SF Bay Area,Consumer,35,0.07,09-11-2022,244,Acquired,United States
Namogoo,Tel Aviv,Marketing,25,0.15,09-11-2022,69,Series C,United States
Repertoire Immune Medicines,Boston,Healthcare,65,0.5,08-11-2022,257,Series B,United States
Salesforce,SF Bay Area,Sales,1000,0.01,07-11-2022,65,Post-IPO,United States
Unacademy,Bengaluru,Education,350,0.1,07-11-2022,838,Series H,India
Zendesk,SF Bay Area,Support,350,0.05,07-11-2022,85,Acquired,United States
Dock,Sao Paulo,Finance,190,0.12,07-11-2022,280,Private Equity,Brazil
Varonis,New York City,Security,110,0.05,06-11-2022,30,Post-IPO,United States
Twitter,SF Bay Area,Consumer,3700,0.5,04-11-2022,12900,Post-IPO,United States
Planetly,Berlin,Other,200,1,04-11-2022,5,Acquired,Germany
Stripe,SF Bay Area,Finance,1000,0.14,03-11-2022,2300,Series H,United States
Lyft,SF Bay Area,Transportation,700,0.13,03-11-2022,4900,Post-IPO,United States
Pleo,Copenhagen,Finance,150,0.15,03-11-2022,428,Series C,United States
Shippo,SF Bay Area,Logistics,60,0.2,03-11-2022,154,Series E,United States
Opendoor,SF Bay Area,Real Estate,550,0.18,02-11-2022,1900,Post-IPO,United States
Chime,SF Bay Area,Finance,156,0.12,02-11-2022,2300,Series G,United States
Chargebee,SF Bay Area,Finance,142,0.1,02-11-2022,468,Series H,United States
Dapper Labs,Vancouver,Crypto,134,0.22,02-11-2022,607,Series D,United States
Checkmarx,Tel Aviv,Security,100,0.1,02-11-2022,92,Series C,Israel
Iron Ox,SF Bay Area,Food,50,0.5,02-11-2022,103,Series C,United States
Upstart,SF Bay Area,Finance,140,0.07,01-11-2022,144,Post-IPO,United States
Gem,SF Bay Area,Recruiting,100,0.33,01-11-2022,148,Series C,United States
Hootsuite,Vancouver,Marketing,50,0.05,01-11-2022,300,Series C,Canada
Kry,Stockholm,Healthcare,300,0.1,31-10-2022,568,Series D,Sweden
EquityZen,New York City,Finance,30,0.27,31-10-2022,11,Series B,United States
Equitybee,SF Bay Area,Finance,25,0.2,31-10-2022,85,Series B,United States
Fifth Season,Pittsburgh,Food,100,1,28-10-2022,35,Series B,United States
RenoRun,Montreal,Construction,210,0.43,27-10-2022,163,Series B,Canada
Recharge,Los Angeles,Finance,84,0.17,27-10-2022,277,Series B,United States
MindBody,San Luis Obispo,Fitness,400,0.15,26-10-2022,114,Post-IPO,United States
Zillow,Seattle,Real Estate,300,0.05,26-10-2022,97,Post-IPO,United States
Cybereason,Boston,Security,200,0.17,26-10-2022,750,Series F,United States
Fundbox,SF Bay Area,Finance,150,0.42,25-10-2022,553,Series D,United States
Embroker,SF Bay Area,Finance,30,0.12,25-10-2022,142,Series C,United States
Vee,Tel Aviv,HR,17,0.5,25-10-2022,15,Seed,Israel
Cerebral,SF Bay Area,Healthcare,400,0.2,24-10-2022,462,Series C,United States
Snyk,Boston,Security,198,0.14,24-10-2022,849,Series F,United States
Unico,Sao Paulo,Other,50,0.04,24-10-2022,336,Series D,Brazil
Khoros,Austin,Sales,120,0.1,21-10-2022,138,Private Equity,United States
Synapsica,New Delhi,Healthcare,30,0.3,21-10-2022,4,Series A,India
Hotmart,Belo Horizonte,Marketing,227,0.12,20-10-2022,127,Series C,Brazil
Zeus Living,SF Bay Area,Real Estate,64,0.46,20-10-2022,151,Series C,United States
Loom,SF Bay Area,Product,23,0.11,20-10-2022,203,Series C,United States
AtoB,SF Bay Area,Finance,32,0.3,19-10-2022,177,Series B,United States
InfoSum,London,Security,20,0.12,19-10-2022,88,Series B,United Kingdom
Faire,SF Bay Area,Retail,84,0.07,18-10-2022,1700,Series G,United States
Leafly,Seattle,Retail,56,0.21,18-10-2022,71,Post-IPO,United States
Beyond Meat,Los Angeles,Food,200,0.19,14-10-2022,122,Post-IPO,United States
Playdots,New York City,Consumer,65,1,13-10-2022,10,Acquired,United States
Byju's,Bengaluru,Education,2500,0.05,12-10-2022,5500,Private Equity,India
6sense,SF Bay Area,Sales,150,0.1,12-10-2022,426,Series E,United States
FrontRow,Bengaluru,Education,130,0.75,12-10-2022,17,Series A,India
Noom,New York City,Healthcare,500,0.1,11-10-2022,657,Series F,United States
Brex,SF Bay Area,Finance,136,0.11,11-10-2022,1500,Series D,United States
Pacaso,SF Bay Area,Real Estate,100,0.3,11-10-2022,217,Series C,United States
Linkfire,Copenhagen,Marketing,35,0.35,11-10-2022,2,Seed,Denmark
Momentive,SF Bay Area,Marketing,180,0.11,10-10-2022,1100,Post-IPO,United States
Pavilion Data,SF Bay Area,Infrastructure,96,0.96,10-10-2022,103,Series D,United States
Redesign Health,New York City,Healthcare,67,0.2,10-10-2022,315,Series C,United States
BioMarin,SF Bay Area,Healthcare,120,0.04,07-10-2022,585,Post-IPO,United States
Peloton,New York City,Fitness,500,0.12,06-10-2022,1900,Post-IPO,United States
Impossible Foods,SF Bay Area,Food,50,0.06,06-10-2022,1900,Series H,United States
Built In,Chicago,Recruiting,50,0.25,05-10-2022,29,Series C,United States
8x8,SF Bay Area,Support,200,0.09,04-10-2022,253,Post-IPO,United States
Homie,Salt Lake City,Real Estate,40,0.13,04-10-2022,35,Series B,United States
Spin,SF Bay Area,Transportation,78,0.1,30-09-2022,8,Acquired,United States
Mux,SF Bay Area,Infrastructure,40,0.2,29-09-2022,173,Series D,United States
DocuSign,SF Bay Area,Sales,671,0.09,28-09-2022,536,Post-IPO,United States
Divvy Homes,SF Bay Area,Real Estate,40,0.12,27-09-2022,180,Series B,United States
Moss,Berlin,Finance,70,0.15,23-09-2022,150,Series B,Germany
Foxtrot,Chicago,Food,26,0.035,23-09-2022,166,Series C,United States
Truiloo,Vancouver,Security,24,0.05,23-09-2022,474,Series D,Canada
NYDIG,New York City,Crypto,110,0.33,22-09-2022,1400,Private Equity,United States
Ada,Toronto,Support,78,0.16,20-09-2022,190,Series C,Canada
99,Sao Paulo,Transportation,75,0.02,20-09-2022,244,Acquired,Brazil
Vesalius Therapeutics,Boston,Healthcare,29,0.43,19-09-2022,75,Series B,United States
Clear,Bengaluru,Finance,190,0.2,16-09-2022,140,Series C,India
TrueLayer,London,Finance,40,0.1,16-09-2022,271,Series E,United States
LivePerson,New York City,Support,193,0.11,15-09-2022,42,Post-IPO,United States
Acast,Stockholm,Media,70,0.15,15-09-2022,126,Post-IPO,Sweden
WorkRamp,SF Bay Area,HR,35,0.2,15-09-2022,67,Series C,United States
Twilio,SF Bay Area,Other,800,0.11,14-09-2022,614,Post-IPO,United States
Pitch,Berlin,Marketing,59,0.3,14-09-2022,137,Series B,Germany
Infarm,Berlin,Other,50,0.05,14-09-2022,604,Series D,Germany
Rubius,Boston,Healthcare,160,0.75,13-09-2022,445,Post-IPO,United States
Checkout.com,London,Finance,100,0.05,13-09-2022,1800,Series D,United Kingdom
Taboola,New York City,Marketing,100,0.06,13-09-2022,445,Post-IPO,United States
Patreon,SF Bay Area,Media,80,0.17,13-09-2022,413,Series F,United States
Compete,Tel Aviv,HR,11,0.28,12-09-2022,17,Series A,Israel
Intercom,SF Bay Area,Support,49,0.05,07-09-2022,240,Series D,United States
Pendo,Raleigh,Product,45,0.05,07-09-2022,469,Series F,United States
Demandbase,SF Bay Area,Sales,27,0.03,07-09-2022,143,Series H,United States
Brave Care,Portland,Healthcare,40,0.33,06-09-2022,42,Series B,United States
Lawgeex,Tel Aviv,Legal,30,0.33,06-09-2022,41,Series C,Israel
Kuda,Lagos,Finance,23,0.05,02-09-2022,91,Series B,Nigeria
Innovaccer,SF Bay Area,Healthcare,90,0.08,01-09-2022,379,Series E,United States
Snap,Los Angeles,Consumer,1280,0.2,31-08-2022,4900,Post-IPO,United States
GoodRx,Los Angeles,Healthcare,140,0.16,31-08-2022,910,Post-IPO,United States
Hippo Insurance,SF Bay Area,Finance,70,0.1,31-08-2022,1300,Post-IPO,United States
TCR2,Boston,Healthcare,30,0.2,31-08-2022,173,Post-IPO,United States
Apartment List,SF Bay Area,Real Estate,29,0.1,31-08-2022,169,Series D,United States
Immersive Labs,Bristol,Security,38,0.1,30-08-2022,123,Series C,United Kingdom
54gene,Washington D.C.,Healthcare,95,0.3,29-08-2022,44,Series B,United States
Argyle,New York City,Finance,20,0.07,26-08-2022,78,Series B,United States
Reali,SF Bay Area,Real Estate,140,1,24-08-2022,117,Series B,United States
Loop,Washington D.C.,Finance,15,0.2,24-08-2022,24,Series A,United States
Tier Mobility,Berlin,Transportation,180,0.16,23-08-2022,646,Series D,Germany
Q4,Toronto,Other,50,0.08,23-08-2022,91,Series C,Canada
Skedulo,SF Bay Area,HR,31,0.08,23-08-2022,114,Series C,United States
Plato,SF Bay Area,HR,29,0.5,23-08-2022,3,Seed,United States
NSO,Tel Aviv,Security,100,0.14,21-08-2022,1,Seed,Israel
Tufin,Boston,Security,55,0.1,21-08-2022,21,Acquired,United States
Amperity,Seattle,Marketing,13,0.03,20-08-2022,187,Series D,United States
Wayfair,Boston,Retail,870,0.05,19-08-2022,1700,Post-IPO,United States
New Relic,SF Bay Area,Infrastructure,110,0.05,18-08-2022,214,Post-IPO,United States
Wheel,Austin,Healthcare,35,0.17,18-08-2022,215,Series C,United States
Malwarebytes,SF Bay Area,Security,125,0.14,17-08-2022,80,Series B,United States
AlayaCare,Montreal,Healthcare,80,0.14,16-08-2022,293,Series D,Canada
Pliops,Tel Aviv,Data,12,0.09,16-08-2022,205,Series D,Israel
Woven,Indianapolis,HR,5,0.15,16-08-2022,11,Series A,United States
Sema4,Stamford,Healthcare,250,0.13,15-08-2022,791,Post-IPO,United States
Blend,SF Bay Area,Finance,220,0.12,15-08-2022,665,Post-IPO,United States
ContraFect,New York City,Healthcare,16,0.37,15-08-2022,380,Post-IPO,United States
Peloton,New York City,Fitness,784,0.13,12-08-2022,1900,Post-IPO,United States
Truepill,SF Bay Area,Healthcare,175,0.33,11-08-2022,255,Series D,United States
Calm,SF Bay Area,Healthcare,90,0.2,11-08-2022,218,Series C,United States
FourKites,Chicago,Logistics,60,0.08,11-08-2022,201,Series D,United States
Marketforce,Nairobi,Retail,54,0.09,11-08-2022,42,Series A,Kenya
Trybe,Sao Paulo,Education,47,0.1,10-08-2022,40,Series B,Brazil
Permutive,London,Marketing,30,0.12,10-08-2022,105,Series C,United Kingdom
GoHealth,Chicago,Healthcare,800,0.2,09-08-2022,75,Post-IPO,United States
Hootsuite,Vancouver,Marketing,400,0.3,09-08-2022,300,Series C,Canada
Nutanix,SF Bay Area,Infrastructure,270,0.04,09-08-2022,1100,Post-IPO,United States
Quanterix,Boston,Healthcare,130,0.25,09-08-2022,533,Post-IPO,United States
MadeiraMadeira,Curitiba,Retail,60,0.03,09-08-2022,338,Series E,Brazil
Shogun,SF Bay Area,Retail,48,0.3,09-08-2022,114,Series C,United States
Groupon,Chicago,Retail,500,0.15,08-08-2022,1400,Post-IPO,United States
Loggi,Sao Paulo,Logistics,500,0.15,08-08-2022,507,Series F,Brazil
Perion,Tel Aviv,Marketing,20,0.05,08-08-2022,76,Post-IPO,Israel
iRobot,Boston,Consumer,140,0.1,05-08-2022,30,Acquired,United States
Mejuri,Toronto,Retail,50,0.1,05-08-2022,28,Series B,Canada
Uberflip,Toronto,Marketing,31,0.17,05-08-2022,42,Series A,Canada
Doma,SF Bay Area,Finance,250,0.13,04-08-2022,679,Post-IPO,United States
10X Genomics,SF Bay Area,Healthcare,100,0.08,04-08-2022,242,Post-IPO,United States
LEAD,Mumbai,Education,80,0.04,04-08-2022,166,Series E,India
On Deck,SF Bay Area,Education,73,0.33,04-08-2022,20,Series A,United States
RenoRun,Montreal,Construction,70,0.12,04-08-2022,163,Series B,Canada
Unbounce,Vancouver,Marketing,47,0.2,03-08-2022,39,Series A,Canada
Robinhood,SF Bay Area,Finance,713,0.23,02-08-2022,5600,Post-IPO,United States
Latch,New York City,Security,115,0.37,02-08-2022,342,Post-IPO,United States
Nylas,SF Bay Area,Product,80,0.25,02-08-2022,175,Series C,United States
Outreach,Seattle,Sales,60,0.05,02-08-2022,489,Series G,United States
Sendy,Nairobi,Logistics,54,0.2,02-08-2022,26,Series B,Kenya
Sendy,Nairobi,Logistics,30,0.1,02-08-2022,26,Series B,Kenya
Stedi,Boulder,Product,23,0.3,02-08-2022,75,Series B,United States
Glossier,New York City,Retail,19,0.08,02-08-2022,266,Series E,United States
Hash,Sao Paulo,Finance,58,0.5,01-08-2022,58,Series C,Brazil
Metigy,Sydney,Marketing,75,1,31-07-2022,18,Series B,Australia
Vee,Tel Aviv,HR,16,0.32,31-07-2022,15,Seed,Israel
Clearco,Toronto,Finance,125,0.25,29-07-2022,681,Series C,Canada
Quantcast,SF Bay Area,Marketing,40,0.06,29-07-2022,65,Series C,United States
Career Karma,SF Bay Area,Education,60,0.33,28-07-2022,51,Series B,United States
Metromile,SF Bay Area,Finance,60,0.2,28-07-2022,510,Acquired,United States
Rivian,Detroit,Transportation,840,0.06,27-07-2022,10700,Post-IPO,United States
Vox Media,Washington D.C.,Media,39,0.02,27-07-2022,307,Series F,United States
Skai,Tel Aviv,Marketing,30,0.04,27-07-2022,60,Series E,Israel
Shopify,Ottawa,Retail,1000,0.1,26-07-2022,122,Post-IPO,Canada
Fiverr,Tel Aviv,Other,60,0.08,26-07-2022,111,Post-IPO,Israel
InDebted,Sydney,Finance,40,0.17,26-07-2022,41,Series B,Australia
Outbrain,New York City,Marketing,38,0.03,26-07-2022,394,Post-IPO,United States
Dover,SF Bay Area,Recruiting,23,0.3,26-07-2022,22,Series A,United States
Immutable,Sydney,Crypto,20,0.06,26-07-2022,279,Series C,Australia
Pear Therapeutics ,Boston,Healthcare,25,0.09,25-07-2022,409,Post-IPO,United States
Soluto,Tel Aviv,Support,120,1,24-07-2022,18,Acquired,Israel
Eucalyptus,Sydney,Healthcare,50,0.2,22-07-2022,69,Series C,United States
Quanto,Sao Paulo,Finance,28,0.22,22-07-2022,15,Series A,Brazil
Clarify Health,SF Bay Area,Healthcare,15,0.05,22-07-2022,328,Series D,United States
Blockchain.com,London,Crypto,150,0.25,21-07-2022,490,Series D,United Kingdom
WHOOP,Boston,Fitness,95,0.15,21-07-2022,404,Series F,United States
Rad Power Bikes,Seattle,Transportation,63,0.1,21-07-2022,329,Series D,United States
Lunchbox,New York City,Food,60,0.33,21-07-2022,72,Series B,United States
RealSelf,Seattle,Healthcare,11,0.05,21-07-2022,42,Series B,United States
Flyhomes,Seattle,Real Estate,200,0.2,20-07-2022,310,Series C,United States
Lyft,SF Bay Area,Transportation,60,0.02,20-07-2022,4900,Post-IPO,United States
Introhive,Ferdericton,Sales,57,0.16,20-07-2022,125,Series C,Canada
Forma.ai,Toronto,Sales,15,0.09,20-07-2022,58,Series B,Canada
Olive,Columbus,Healthcare,450,0.31,19-07-2022,856,Series H,United States
Lusha,New York City,Marketing,30,0.1,18-07-2022,245,Series B,United States
Bright Money,Bengaluru,Finance,100,0.5,15-07-2022,31,Series A,India
Zego,London,Finance,85,0.17,14-07-2022,202,Series C,United Kingdom
The Mom Project,Chicago,HR,54,0.15,14-07-2022,115,Series C,United States
Unstoppable Domains,SF Bay Area,Crypto,42,0.25,14-07-2022,7,Series B,United States
Kiavi,SF Bay Area,Real Estate,39,0.07,14-07-2022,240,Series E,United States
Wave,Dakar,Finance,300,0.15,13-07-2022,292,Series A,Senegal
Tonal,SF Bay Area,Fitness,262,0.35,13-07-2022,450,Series E,United States
Fabric,New York City,Logistics,120,0.4,13-07-2022,336,Series C,United States
Bryter,Berlin,Product,100,0.3,13-07-2022,89,Series B,Germany
ChowNow,Los Angeles,Food,100,0.2,13-07-2022,64,Series C,United States
Gopuff,Philadelphia,Food,1500,0.1,12-07-2022,3400,Series H,United States
Hubilo,SF Bay Area,Marketing,45,0.12,12-07-2022,153,Series B,United States
Hopin,London,Other,242,0.29,11-07-2022,1000,Series D,United Kingdom
SundaySky,New York City,Marketing,24,0.13,11-07-2022,74,Series D,United States
Butler Hospitality,New York City,Food,1000,1,08-07-2022,50,Series B,United States
Calibrate,New York City,Healthcare,156,0.24,08-07-2022,127,Series B,United States
Next Insurance,SF Bay Area,Finance,150,0.17,07-07-2022,881,Series E,United States
Emotive,Los Angeles,Marketing,30,0.18,07-07-2022,78,Series B,United States
Remote,SF Bay Area,HR,100,0.09,06-07-2022,496,Series C,United States
Anodot,Tel Aviv,Data,35,0.27,06-07-2022,64,Series C,United States
SQream,New York City,Data,30,0.18,06-07-2022,77,Series B,United States
Bizzabo,New York City,Marketing,120,0.3,05-07-2022,194,Series E,United States
Verbit,New York City,Data,80,0.1,05-07-2022,569,Series E,United States
Outschool,SF Bay Area,Education,31,0.18,05-07-2022,240,Series D,United States
Transmit Security,Boston,Security,27,0.07,05-07-2022,583,Series A,United States
Thimble,New York City,Finance,20,0.33,05-07-2022,28,Series A,United States
Syte,Tel Aviv,Retail,13,0.08,05-07-2022,71,Series C,Israel
Lightricks,Jerusalem,Consumer,80,0.12,04-07-2022,335,Series D,Israel
Sendle,Sydney,Logistics,27,0.12,04-07-2022,69,Series C,Australia
Lendis,Berlin,Other,18,0.15,04-07-2022,90,Series A,Germany
Celsius,New York City,Crypto,150,0.25,03-07-2022,864,Series B,United States
WanderJaunt,SF Bay Area,Travel,85,1,01-07-2022,26,Series B,United States
Canoo,Los Angeles,Transportation,58,0.06,01-07-2022,300,Post-IPO,United States
Teleport,SF Bay Area,Infrastructure,15,0.06,01-07-2022,169,Series C,United States
Enjoy,SF Bay Area,Retail,400,0.18,30-06-2022,310,Post-IPO,United States
Crejo.Fun,Bengaluru,Education,170,1,30-06-2022,3,Seed,India
Nate,New York City,Retail,30,0.2,30-06-2022,47,Series A,United States
Stream,Boulder,Product,20,0.12,30-06-2022,58,Series B,United States
Finleap Connect,Hamburg,Finance,14,0.1,30-06-2022,22,Series A,Germany
Abra,SF Bay Area,Crypto,12,0.05,30-06-2022,106,Series C,United States
Unity,SF Bay Area,Other,200,0.04,29-06-2022,1300,Post-IPO,United States
Niantic,SF Bay Area,Consumer,85,0.08,29-06-2022,770,Series D,United States
Qumulo,Seattle,Data,80,0.19,29-06-2022,347,Series E,United States
Clutch,Toronto,Transportation,76,0.22,29-06-2022,153,Series B,Canada
Rows,Berlin,Other,18,0.3,29-06-2022,25,Series B,Germany
Baton,SF Bay Area,Transportation,16,0.25,29-06-2022,13,Series A,United States
Substack,SF Bay Area,Media,13,0.14,29-06-2022,82,Series B,United States
StockX,Detroit,Retail,120,0.08,28-06-2022,690,Series E,United States
Sidecar Health,Los Angeles,Healthcare,110,0.4,28-06-2022,163,Series C,United States
Vezeeta,Dubai,Healthcare,50,0.1,28-06-2022,71,Series D,United Arab Emirates
HealthMatch,Sydney,Healthcare,18,0.5,28-06-2022,20,Series B,Australia
AppLovin,SF Bay Area,Marketing,300,0.12,27-06-2022,1600,Post-IPO,United States
UiPath,New York City,Data,210,0.05,27-06-2022,2000,Post-IPO,United States
Banxa,Melbourne,Crypto,70,0.3,27-06-2022,13,Post-IPO,Australia
SafeGraph,SF Bay Area,Data,27,0.25,27-06-2022,61,Series B,United States
Bitpanda,Vienna,Crypto,270,0.27,24-06-2022,546,Series C,Austria
Sunday,Atlanta,Finance,90,0.23,24-06-2022,124,Series A,United States
Bestow,Dallas,Finance,41,0.14,24-06-2022,137,Series C,United States
Ethos Life,SF Bay Area,Finance,40,0.12,24-06-2022,406,Series D,United States
Netflix,SF Bay Area,Media,300,0.03,23-06-2022,121900,Post-IPO,United States
Aura,Boston,Security,70,0.09,23-06-2022,500,Series F,United States
Vouch,SF Bay Area,Finance,15,0.07,23-06-2022,159,Series C,United States
MasterClass,SF Bay Area,Education,120,0.2,22-06-2022,461,Series E,United States
IronNet,Washington D.C.,Security,90,0.35,22-06-2022,410,Post-IPO,United States
IronNet,Washington D.C.,Security,55,0.17,22-06-2022,410,Post-IPO,United States
Superpedestrian,Boston,Transportation,35,0.07,22-06-2022,261,Series C,United States
Voi,Stockholm,Transportation,35,0.1,22-06-2022,515,Series D,United States
Ritual,Toronto,Food,23,0.16,22-06-2022,134,Series C,Canada
Ebanx,Curitiba,Finance,340,0.2,21-06-2022,460,Series B,Brazil
TaskUs,Los Angeles,Support,52,0,21-06-2022,279,Post-IPO,United States
Sourcegraph,SF Bay Area,Product,24,0.08,21-06-2022,248,Series D,United States
Trax,Singapore,Retail,100,0.12,20-06-2022,1000,Series E,Singapore
Bonsai,Toronto,Retail,30,0.55,20-06-2022,27,Series A,Canada
Brighte,Sydney,Energy,30,0.15,20-06-2022,145,Series C,Australia
CityMall,Gurugram,Retail,191,0.3,19-06-2022,112,Series C,India
BitOasis,Dubai,Crypto,9,0.05,19-06-2022,30,Series B,United Arab Emirates
Unacademy,Bengaluru,Education,150,0.03,18-06-2022,838,Series H,India
Socure,Reno,Finance,69,0.13,17-06-2022,646,Series E,United States
Finite State,Columbus,Security,16,0.2,17-06-2022,49,Series B,United States
JOKR,New York City,Food,50,0.05,16-06-2022,430,Series B,United States
Zumper,SF Bay Area,Real Estate,45,0.15,16-06-2022,178,Series D,United States
Swappie,Helsinki,Retail,250,0.17,15-06-2022,169,Series C,Finland
Weee!,SF Bay Area,Food,150,0.1,15-06-2022,863,Series E,United States
Notarize,Boston,Legal,110,0.25,15-06-2022,213,Series D,United States
Tonkean,SF Bay Area,Other,23,0.23,15-06-2022,83,Series B,United States
OpenWeb,Tel Aviv,Media,14,0.05,15-06-2022,223,Series E,Israel
Swyft,Toronto,Logistics,10,0.3,15-06-2022,20,Series A,Canada
Coinbase,SF Bay Area,Crypto,1100,0.18,14-06-2022,549,Post-IPO,United States
Redfin,Seattle,Real Estate,470,0.08,14-06-2022,319,Post-IPO,United States
Compass,New York City,Real Estate,450,0.1,14-06-2022,1600,Post-IPO,United States
Breathe,New Delhi,Healthcare,50,0.33,14-06-2022,6,Series A,India
TIFIN,Boulder,Crypto,24,0.1,14-06-2022,204,Series D,United States
BlockFi,New York City,Crypto,250,0.2,13-06-2022,1000,Series E,United States
Wave Sports and Entertainment,Los Angeles,Media,56,0.33,13-06-2022,65,Series B,United States
Studio,SF Bay Area,Education,33,0.4,13-06-2022,50,Series B,United States
FarEye,New Delhi,Logistics,250,0.3,10-06-2022,150,Series E,India
Albert,Los Angeles,Finance,20,0.08,10-06-2022,175,Series C,United States
OneTrust,Atlanta,Security,950,0.25,09-06-2022,926,Series C,United States
Stitch Fix,SF Bay Area,Retail,330,0.15,09-06-2022,79,Post-IPO,United States
Convoy,Seattle,Logistics,90,0.07,09-06-2022,1100,Series E,United States
Hologram,Chicago,Infrastructure,80,0.4,09-06-2022,82,Series B,United States
Boozt,Malmo,Retail,70,0.05,09-06-2022,56,Post-IPO,Sweden
The Grommet,Boston,Retail,40,1,09-06-2022,5,Acquired,United States
Stashaway,Singapore,Finance,31,0.14,09-06-2022,61,Series D,Singapore
Preply,Boston,Education,26,0.05,09-06-2022,100,Series C,United States
Sonder,SF Bay Area,Travel,250,0.21,08-06-2022,839,Post-IPO,United States
Truepill,SF Bay Area,Healthcare,150,0.15,08-06-2022,255,Series D,United States
Cazoo,London,Transportation,750,0.15,07-06-2022,2000,Post-IPO,United Kingdom
Cazoo,London,Transportation,750,0.15,07-06-2022,2000,Post-IPO,United Kingdom
Bird,Los Angeles,Transportation,138,0.23,07-06-2022,783,Post-IPO,United States
Dutchie,Bend,Other,50,0.07,06-06-2022,603,Series D,United States
Superhuman,SF Bay Area,Consumer,23,0.22,03-06-2022,108,Series C,United States
Food52,New York City,Food,21,0.15,03-06-2022,176,Acquired,United States
Carbon Health,SF Bay Area,Healthcare,250,0.08,02-06-2022,522,Series D,United States
PolicyGenius,New York City,Finance,170,0.25,02-06-2022,286,Series E,United States
Yojak,Gurugram,Construction,140,0.5,02-06-2022,3,Seed,India
Stord,Atlanta,Logistics,59,0.08,02-06-2022,325,Series D,United States
Gather,SF Bay Area,Consumer,30,0.33,02-06-2022,76,Series B,United States
IRL,SF Bay Area,Consumer,25,0.25,02-06-2022,197,Series C,United States
Cybereason,Boston,Security,100,0.06,01-06-2022,750,Series F,United States
Udayy,Gurugram,Education,100,1,01-06-2022,2,Seed,India
Curve,London,Finance,65,0.1,01-06-2022,182,Series C,United Kingdom
Loom,SF Bay Area,Product,34,0.14,01-06-2022,203,Series C,United States
Impala,London,Travel,30,0.35,01-06-2022,32,Series B,United Kingdom
Tomo,Stamford,Finance,44,0.33,31-05-2022,110,Series A,United States
BookClub,Salt Lake City,Education,12,0.25,31-05-2022,26,Series A,United States
SWVL,Dubai,Transportation,400,0.32,30-05-2022,132,Post-IPO,United Arab Emirates
Mobile Premier League,Bengaluru,Consumer,100,0.1,30-05-2022,375,Series E,India
FrontRow,Bengaluru,Education,145,0.3,27-05-2022,17,Series A,India
VTEX,Sao Paulo,Retail,200,0.13,26-05-2022,365,Post-IPO,Brazil
Bitso,Mexico City,Crypto,80,0.11,26-05-2022,378,Series C,Mexico
Lacework,SF Bay Area,Security,300,0.2,25-05-2022,1900,Series D,United States
Bolt,SF Bay Area,Finance,240,0.27,25-05-2022,1300,Series E,United States
Kontist,Berlin,Finance,50,0.25,25-05-2022,53,Series B,Germany
Nuri,Berlin,Finance,45,0.2,25-05-2022,42,Series B,Germany
Coterie Insurance,Cincinnati,Finance,30,0.2,25-05-2022,70,Series B,United States
Gorillas,Berlin,Food,300,0.5,24-05-2022,1300,Series C,Germany
Buenbit,Buenos Aires,Crypto,80,0.45,23-05-2022,11,Series A,Argentina
BeyondMinds,Tel Aviv,Data,65,1,23-05-2022,16,Series A,Israel
ClickUp,San Diego,Other,60,0.07,23-05-2022,537,Series C,United States
Airtime,New York City,Consumer,30,0.2,23-05-2022,33,Series B,United States
MFine,Bengaluru,Healthcare,600,0.75,21-05-2022,97,Series C,India
Latch,New York City,Security,130,0.28,20-05-2022,342,Post-IPO,United States
Outside,Boulder,Media,87,0.15,20-05-2022,174,Series B,United States
Skillz,SF Bay Area,Consumer,70,0.1,20-05-2022,287,Post-IPO,United States
Cars24,Gurugram,Transportation,600,0.06,19-05-2022,1300,Series G,India
Vedantu,Bengaluru,Education,424,0.07,18-05-2022,292,Series E,India
Netflix,SF Bay Area,Media,150,0.01,17-05-2022,121900,Post-IPO,United States
Kry,Stockholm,Healthcare,100,0.1,17-05-2022,568,Series D,Sweden
Picsart,Miami,Consumer,90,0.08,17-05-2022,195,Series C,United States
Zak,Sao Paulo,Food,100,0.4,16-05-2022,29,Series A,United States
AliExpress Russia,Moscow,Retail,400,0.4,14-05-2022,60,Acquired,Russia
DataRobot,Boston,Data,70,0.07,11-05-2022,1000,Series G,United States
Carvana,Phoenix,Transportation,2500,0.12,10-05-2022,1600,Post-IPO,United States
Doma,SF Bay Area,Finance,310,0.15,10-05-2022,679,Post-IPO,United States
Pollen,London,Travel,200,0.33,10-05-2022,238,Series C,United Kingdom
Latch,New York City,Security,30,0.06,10-05-2022,342,Post-IPO,United States
Meero,Paris,Other,350,0.5,09-05-2022,293,Series C,France
Vroom,New York City,Transportation,270,0.14,09-05-2022,1300,Post-IPO,United States
Vedantu,Bengaluru,Education,200,0.03,05-05-2022,292,Series E,India
Mural,SF Bay Area,Product,90,0.1,05-05-2022,192,Series C,United States
On Deck,SF Bay Area,Education,72,0.25,05-05-2022,20,Series A,United States
SEND,Sydney,Food,300,1,04-05-2022,3,Seed,Australia
Mainstreet,SF Bay Area,Finance,45,0.3,04-05-2022,64,Series A,United States
Avo,Tel Aviv,Food,500,0.67,01-05-2022,45,Series B,Israel
Domestika,SF Bay Area,Education,150,0.19,28-04-2022,130,Series D,United States
Robinhood,SF Bay Area,Finance,340,0.09,26-04-2022,5600,Post-IPO,United States
Bonsai,Toronto,Retail,29,0.34,26-04-2022,27,Series A,Canada
Xiaohongshu,Shanghai,Consumer,180,0.09,21-04-2022,917,Series E,China
Facily,Sao Paulo,Retail,260,0.3,20-04-2022,502,Series D,Brazil
Blend,SF Bay Area,Finance,200,0.1,19-04-2022,665,Post-IPO,United States
QuintoAndar,Sao Paulo,Real Estate,160,0.04,19-04-2022,755,Series E,Brazil
Rad Power Bikes,Seattle,Transportation,100,0.14,12-04-2022,329,Series D,United States
Food52,New York City,Food,20,0.1,08-04-2022,176,Acquired,United States
Unacademy,Bengaluru,Education,1000,0.17,07-04-2022,838,Series H,India
BitMEX,Non-U.S.,Crypto,75,0.25,04-04-2022,0,Seed,Seychelles
Legible,Vancouver,Media,23,0.38,04-04-2022,3,Post-IPO,Canada
Rasa,Berlin,Data,59,0.4,30-03-2022,40,Series B,Germany
Gopuff,Philadelphia,Food,450,0.03,29-03-2022,3400,Series H,United States
Thinkific,Vancouver,Education,100,0.2,29-03-2022,22,Post-IPO,Canada
Storytel,Stockholm,Media,100,0.1,17-03-2022,275,Post-IPO,Sweden
Trell,Bengaluru,Retail,300,0.5,15-03-2022,62,Series B,India
Adaptive Biotechnologies,Seattle,Healthcare,100,0.12,08-03-2022,406,Post-IPO,United States
Hyperscience,New York City,Data,100,0.25,03-03-2022,289,Series E,United States
Wish,SF Bay Area,Retail,190,0.15,01-03-2022,1600,Post-IPO,United States
Liv Up,Sao Paulo,Food,100,0.15,16-02-2022,118,Series D,Brazil
Homie,Salt Lake City,Real Estate,119,0.29,14-02-2022,35,Series B,United States
Hopin,London,Other,138,0.12,10-02-2022,1000,Series D,United States
Daily Harvest,New York City,Food,60,0.2,10-02-2022,120,Series D,United States
Peloton,New York City,Fitness,2800,0.2,08-02-2022,1900,Post-IPO,United States
Glossier,New York City,Consumer,80,0.33,26-01-2022,266,Series E,United States
BitTitan,Seattle,Data,70,0.27,18-11-2021,46,Acquired,United States
Zillow,Seattle,Real Estate,2000,0.25,02-11-2021,97,Post-IPO,United States
Treehouse,Portland,Education,41,0.9,14-09-2021,12,Series B,United States
Flockjay,SF Bay Area,Education,37,0.5,24-08-2021,14,Series A,United States
New Relic,SF Bay Area,Infrastructure,160,0.07,06-04-2021,214.5,Post-IPO,United States
Bounce,Bengaluru,Transportation,200,0.4,22-02-2021,214.2,Series D,India
Quandoo,Berlin,Food,87,0.2,03-02-2021,39,Acquired,Germany
Hubba,Toronto,Retail,45,1,01-02-2021,61,Series B,Canada
Postmates,SF Bay Area,Food,180,0.15,23-01-2021,763,Acquired,United States
Dropbox,SF Bay Area,Other,315,0.15,13-01-2021,1700,Post-IPO,United States
Breather,Montreal,Real Estate,120,0.8,16-12-2020,131,Series D,Canada
Aya,Toronto,Finance,5,0.25,19-11-2020,3,Seed,United States
Bridge Connector,Nashville,Healthcare,154,1,17-11-2020,45,Series B,United States
Knotel,New York City,Real Estate,20,0.08,29-10-2020,560,Series C,United States
GetYourGuide,Berlin,Travel,90,0.17,14-10-2020,656,Series E,Germany
Alto Pharmacy,SF Bay Area,Healthcare,47,0.06,29-09-2020,356,Series D,United States
NS8,Las Vegas,Data,240,0.95,11-09-2020,157.9,Series A,United States
Waze,SF Bay Area,Transportation,30,0.054,09-09-2020,67,Acquired,United States
MakeMyTrip,New Delhi,Travel,350,0.1,31-08-2020,548,Post-IPO,India
Salesforce,SF Bay Area,Sales,1000,0.0185,26-08-2020,65.4,Post-IPO,United States
Docly,London,Healthcare,8,0.8,19-08-2020,15.5,Seed,United Kingdom
Eatsy,Singapore,Food,20,1,08-08-2020,0.9755,Seed,Singapore
Glossier,New York City,Retail,150,0.38,07-08-2020,186.4,Series D,United States
Thriver,Toronto,Food,75,0.5,06-08-2020,53,Series B,Canada
Buy.com / Rakuten,SF Bay Area,Retail,87,1,30-07-2020,42.4,Acquired,United States
Swiggy,Bengaluru,Food,350,0.05,27-07-2020,1600,Series I,India
Zeitgold,Berlin,Finance,75,0.72,27-07-2020,60.18,Series B,Germany
Checkr,SF Bay Area,HR,64,0.12,23-07-2020,309,Series D,United States
LinkedIn,SF Bay Area,Recruiting,960,0.06,21-07-2020,154,Acquired,United States
Lighter Capital,Seattle,Finance,22,0.49,20-07-2020,15,Series B,United States
Optimizely,SF Bay Area,Marketing,60,0.15,15-07-2020,251.2,Series D,United States
Skyscanner,Edinburgh,Travel,300,0.2,14-07-2020,197.2,Acquired,United Kingdom
Zilingo,Singapore,Retail,100,0.12,09-07-2020,307,Series D,Singapore
G2,Chicago,Marketing,17,0.05,30-06-2020,100.8,Series C,United States
Katerra,SF Bay Area,Construction,400,0.07,29-06-2020,1300,Series E,United States
Bounce,Bengaluru,Transportation,130,0.22,29-06-2020,214.2,Series D,India
Sonos,New York City,Consumer,174,0.12,24-06-2020,455.2,Post-IPO,United States
Gojek,Jakarta,Transportation,430,0.09,23-06-2020,4800,Series F,Indonesia
ScaleFactor,Austin,Finance,90,0.9,23-06-2020,103,Series C,United States
Dark,SF Bay Area,Product,6,1,23-06-2020,3,Seed,United States
Intuit,SF Bay Area,Finance,715,0.07,22-06-2020,18,Post-IPO,United States
Navi,Bengaluru,Finance,40,0.25,17-06-2020,582,Private Equity,India
PaisaBazaar,Gurugram,Finance,1500,0.5,16-06-2020,496,Series G,India
Grab,Singapore,Transportation,360,0.05,16-06-2020,9900,Series I,Singapore
Splunk,SF Bay Area,Data,70,0.01,16-06-2020,40,Post-IPO,United States
Redox,Madison,Healthcare,44,0.25,16-06-2020,50,Series C,United States
Uber,Amsterdam,Transportation,225,0.25,12-06-2020,24700,Post-IPO,Netherlands
SynapseFI,SF Bay Area,Finance,63,0.48,12-06-2020,50,Series B,United States
Branch,New York City,Retail,3,0.27,11-06-2020,2,Seed,United States
The Athletic,SF Bay Area,Media,46,0.08,05-06-2020,139,Series D,United States
Ethos Life,SF Bay Area,Finance,18,0.14,05-06-2020,106,Series C,United States
Lastline,SF Bay Area,Security,50,0.4,04-06-2020,52,Series C,United States
Builder,Los Angeles,Product,39,0.14,04-06-2020,29,Series A,United States
Monzo,London,Finance,120,0.08,03-06-2020,324,Series F,United Kingdom
SpotHero,Chicago,Transportation,40,0.21,03-06-2020,117,Series D,United States
Credit Sesame,SF Bay Area,Finance,22,0.14,03-06-2020,120,Series F,United States
Rivian,Detroit,Transportation,40,0.02,02-06-2020,3100,Private Equity,United States
Fundbox,SF Bay Area,Finance,14,0.15,02-06-2020,453,Series C,United States
Descartes Labs,Santa Fe,Data,12,0.16,02-06-2020,58,Series B,United States
Stitch Fix,SF Bay Area,Retail,1400,0.18,01-06-2020,79,Post-IPO,United States
MakeMyTrip,Gurugram,Travel,350,0.1,01-06-2020,548,Post-IPO,India
CrowdStreet,Portland,Real Estate,24,0.22,01-06-2020,24,Series C,United States
Brex,SF Bay Area,Finance,62,0.15,29-05-2020,732,Series C,United States
Loftium,Seattle,Real Estate,32,0.6,29-05-2020,17,Series A,United States
TrueCar,Los Angeles,Transportation,219,0.3,28-05-2020,340,Post-IPO,United States
Culture Amp,Melbourne,HR,36,0.08,28-05-2020,157,Series E,Australia
The Sill,New York City,Retail,20,0.25,28-05-2020,7,Series A,United States
Instructure,Salt Lake City,Education,150,0.12,27-05-2020,89,Acquired,United States
Uber,Bengaluru,Transportation,600,0.23,26-05-2020,24700,Post-IPO,India
Bluprint,Denver,Education,137,1,26-05-2020,108,Acquired,United States
Cvent,Washington D.C.,Marketing,400,0.1,21-05-2020,146,Acquired,United States
PickYourTrail,Chennai,Travel,70,0.35,21-05-2020,3,Series A,India
Glitch,New York City,Product,18,0.36,21-05-2020,30,Series A,United States
Ola,Bengaluru,Transportation,1400,0.35,20-05-2020,3800,Series J,India
Samsara,SF Bay Area,Logistics,300,0.18,20-05-2020,530,Series F,United States
Stay Alfred,Spokane,Travel,221,1,20-05-2020,62,Series B,United States
SoFi,SF Bay Area,Finance,112,0.07,20-05-2020,2500,Private Equity,United States
ShareChat,Bengaluru,Marketing,101,0.25,20-05-2020,222,Series D,India
Intercom,SF Bay Area,Support,39,0.06,20-05-2020,240,Series D,United States
Livspace,Bengaluru,Retail,450,0.15,19-05-2020,157,Series D,India
Pollen,London,Travel,69,0.31,19-05-2020,88,Series B,United Kingdom
Uber,SF Bay Area,Transportation,3000,0.13,18-05-2020,24700,Post-IPO,United States
Swiggy,Bengaluru,Food,1100,0.14,18-05-2020,1600,Series I,India
WeWork,New Delhi,Real Estate,100,0.2,18-05-2020,19500,Series H,India
Zomato,Gurugram,Food,520,0.13,15-05-2020,914,Series J,India
Lattice,SF Bay Area,HR,16,0.1,15-05-2020,49,Series C,United States
Cruise,SF Bay Area,Transportation,150,0.08,14-05-2020,5300,Acquired,United States
Integral Ad Science,New York City,Marketing,70,0.1,14-05-2020,116,Acquired,United States
Ridecell,SF Bay Area,Transportation,35,0.15,14-05-2020,73,Series B,United States
Deliv,SF Bay Area,Retail,669,1,13-05-2020,80,Series C,United States
Zeus Living,SF Bay Area,Real Estate,73,0.5,12-05-2020,79,Series B,United States
Mixpanel,SF Bay Area,Data,65,0.19,12-05-2020,77,Series B,United States
Hireology,Chicago,Recruiting,36,0.17,12-05-2020,52,Series D,United States
Top Hat,Toronto,Education,16,0.03,12-05-2020,104,Series D,Canada
Revolut,London,Finance,60,0.03,11-05-2020,837,Series D,United Kingdom
Cadre,New York City,Real Estate,28,0.25,11-05-2020,133,Series C,United States
N26,New York City,Finance,9,0.01,08-05-2020,782,Series D,United States
Jump,New York City,Transportation,500,1,07-05-2020,11,Acquired,United States
Glassdoor,SF Bay Area,Recruiting,300,0.3,07-05-2020,204,Acquired,United States
Numbrs,Zurich,Finance,62,0.5,07-05-2020,78,Series B,Switzerland
Flywire,Boston,Finance,60,0.12,07-05-2020,263,Series E,United States
Tally,SF Bay Area,Finance,28,0.23,07-05-2020,92,Series C,United States
Uber,SF Bay Area,Transportation,3700,0.14,06-05-2020,24700,Post-IPO,United States
Rubicon Project,Los Angeles,Marketing,50,0.08,06-05-2020,60,Post-IPO,United States
Segment,SF Bay Area,Data,50,0.1,06-05-2020,283,Series D,United States
Airbnb,SF Bay Area,Travel,1900,0.25,05-05-2020,5400,Private Equity,United States
Andela,New York City,Recruiting,135,0.1,05-05-2020,181,Series D,United States
Stack Overflow,New York City,Recruiting,40,0.15,05-05-2020,68,Series D,United States
Workable,Boston,Recruiting,25,0.1,05-05-2020,84,Series C,United States
CureFit,Bengaluru,Fitness,800,0.16,04-05-2020,404,Series D,India
Careem,Dubai,Transportation,536,0.31,04-05-2020,771,Acquired,United Arab Emirates
Oriente,Hong Kong,Finance,400,0.2,04-05-2020,175,Series B,Hong Kong
Veriff,Tallinn,Security,63,0.21,04-05-2020,7,Series A,Estonia
Element AI,Montreal,Other,62,0.15,04-05-2020,257,Series B,Canada
Deputy,Sydney,HR,60,0.3,04-05-2020,106,Series B,Australia
Loopio,Toronto,Sales,11,0.08,04-05-2020,11,Series A,Canada
Trax,Tel Aviv,Retail,120,0.1,03-05-2020,386,Series D,Israel
Namely,New York City,HR,110,0.4,01-05-2020,217,Series E,United States
Culture Trip,London,Media,95,0.32,01-05-2020,102,Series B,United Kingdom
Sandbox VR,SF Bay Area,Consumer,80,0.8,01-05-2020,82,Series A,United States
TheSkimm,New York City,Media,26,0.2,01-05-2020,28,Series C,United States
Lyft,SF Bay Area,Transportation,982,0.17,29-04-2020,4900,Post-IPO,United States
Kayak / OpenTable,Stamford,Travel,160,0.08,29-04-2020,229,Acquired,United States
Lime,SF Bay Area,Transportation,80,0.13,29-04-2020,765,Series D,United States
Transfix,New York City,Logistics,24,0.1,29-04-2020,128,Series D,United States
TripAdvisor,Boston,Travel,900,0.25,28-04-2020,3,Post-IPO,United States
Deliveroo,London,Food,367,0.15,28-04-2020,1500,Series G,United Kingdom
PayJoy,SF Bay Area,Finance,27,0.25,28-04-2020,71,Series B,United States
Shipsi,Los Angeles,Retail,20,0.5,28-04-2020,2,Seed,United States
Automation Anywhere,SF Bay Area,Other,260,0.1,27-04-2020,840,Series B,United States
JetClosing,Seattle,Real Estate,20,0.2,27-04-2020,24,Series A,United States
Submittable,Missoula,Other,30,0.2,25-04-2020,17,Series B,United States
Divergent 3D,Los Angeles,Transportation,57,0.36,24-04-2020,88,Series B,United States
Ada Support,Toronto,Support,36,0.23,24-04-2020,60,Series B,Canada
UPshow,Chicago,Marketing,19,0.3,24-04-2020,7,Series A,United States
Lighter Capital,Seattle,Finance,18,0.22,24-04-2020,15,Series B,United States
Horizn Studios,Berlin,Travel,15,0.25,24-04-2020,30,Series B,Germany
Welkin Health,SF Bay Area,Healthcare,10,0.33,24-04-2020,29,Series B,United States
TutorMundi,Sao Paulo,Education,4,1,24-04-2020,2,Series A,Brazil
StockX,Detroit,Retail,100,0.12,23-04-2020,160,Series C,United States
Zenefits,SF Bay Area,HR,87,0.15,23-04-2020,583,Series C,United States
Sisense,New York City,Data,80,0.09,23-04-2020,274,Series F,United States
Magic Leap,Miami,Consumer,1000,0.5,22-04-2020,2600,Series E,United States
When I Work,Minneapolis,HR,55,0.35,22-04-2020,24,Series B,United States
Ike,SF Bay Area,Transportation,10,0.14,22-04-2020,52,Series A,United States
Lending Club,SF Bay Area,Finance,460,0.3,21-04-2020,392,Post-IPO,United States
Houzz,SF Bay Area,Consumer,155,0.1,21-04-2020,613,Series E,United States
Casper,New York City,Retail,78,0.21,21-04-2020,339,Post-IPO,United States
RealSelf,Seattle,Healthcare,40,0.13,21-04-2020,42,Series B,United States
Freshbooks,Toronto,Finance,38,0.09,21-04-2020,75,Series B,Canada
Patreon,SF Bay Area,Media,30,0.13,21-04-2020,165,Series D,United States
Bringg,Tel Aviv,Logistics,10,0.1,21-04-2020,84,Series D,Israel
Klook,Hong Kong,Travel,300,0.15,20-04-2020,521,Series D,Hong Kong
GumGum,Los Angeles,Marketing,90,0.25,20-04-2020,58,Series D,United States
Kueski,Guadalajara,Finance,90,0.3,20-04-2020,38,Series B,Mexico
Movidesk,Blumenau,Support,33,0.25,20-04-2020,1,Seed,Brazil
Komodo Health,SF Bay Area,Healthcare,23,0.09,20-04-2020,50,Series C,United States
Forward,SF Bay Area,Healthcare,10,0.03,20-04-2020,100,Series C,United States
ContaAzul,Joinville,Education,140,0.35,17-04-2020,37,Series D,Brazil
Greenhouse Software,New York City,Recruiting,120,0.28,17-04-2020,110,Series D,United States
QuintoAndar,Sao Paulo,Real Estate,88,0.08,17-04-2020,335,Series D,Brazil
Loft,Sao Paulo,Real Estate,47,0.1,17-04-2020,263,Series C,Brazil
Zilingo,Singapore,Retail,44,0.05,17-04-2020,307,Series D,Singapore
Sweetgreen,Los Angeles,Food,35,0.1,17-04-2020,478,Series I,United States
People.ai,SF Bay Area,Marketing,30,0.18,17-04-2020,100,Series C,United States
CarGurus,Boston,Transportation,130,0.13,16-04-2020,1,Post-IPO,United States
Funding Societies,Singapore,Finance,65,0.18,16-04-2020,42,Series B,Singapore
CleverTap,Mumbai,Marketing,60,0.2,16-04-2020,76,Series C,India
Opendoor,SF Bay Area,Real Estate,600,0.35,15-04-2020,1500,Series E,United States
GoPro,SF Bay Area,Consumer,200,0.2,15-04-2020,288,Post-IPO,United States
Shop101,Mumbai,Retail,200,0.4,15-04-2020,19,Series C,India
Carta,SF Bay Area,Finance,161,0.16,15-04-2020,447,Series E,United States
Parsable,SF Bay Area,HR,40,0.25,15-04-2020,72,Series C,United States
Kodiak Robotics,SF Bay Area,Transportation,15,0.2,15-04-2020,40,Series A,United States
The RealReal,SF Bay Area,Retail,235,0.1,14-04-2020,358,Post-IPO,United States
TouchBistro,Toronto,Food,131,0.23,14-04-2020,224,Series E,Canada
Envoy,SF Bay Area,HR,58,0.3,14-04-2020,59,Series B,United States
VSCO,SF Bay Area,Consumer,45,0.35,14-04-2020,90,Series B,United States
Groupon,Chicago,Retail,2800,0.44,13-04-2020,1400,Post-IPO,United States
Zoox,SF Bay Area,Transportation,100,0.1,13-04-2020,955,Series B,United States
Neon,Sao Paulo,Finance,70,0.1,13-04-2020,120,Series B,Brazil
EasyPost,SF Bay Area,Logistics,50,0.25,13-04-2020,12,Series A,United States
Clearbanc,Toronto,Finance,17,0.08,13-04-2020,119,Series B,Canada
Rhumbix,SF Bay Area,Construction,16,0.27,10-04-2020,35,Series B,United States
Yelp,SF Bay Area,Consumer,1000,0.17,09-04-2020,56,Post-IPO,United States
OneTrust,Atlanta,Legal,150,0.1,09-04-2020,410,Series B,United States
Omie,Sao Paulo,Finance,136,0.31,09-04-2020,26,Series B,Brazil
Domo,Salt Lake City,Data,90,0.1,09-04-2020,689,Post-IPO,United States
Matterport,SF Bay Area,Data,90,0.34,09-04-2020,114,Series D,United States
Clinc,Ann Arbor,Support,40,0.32,09-04-2020,59,Series B,United States
Mejuri,Toronto,Retail,36,0.15,09-04-2020,28,Series B,Canada
Code42,Minneapolis,Data,25,0.05,09-04-2020,137.5,Series B,United States
Eventbrite,SF Bay Area,Consumer,500,0.45,08-04-2020,332,Post-IPO,United States
Meesho,Bengaluru,Retail,200,0.28,08-04-2020,215,Series D,India
Scoop,SF Bay Area,Transportation,92,0.33,08-04-2020,95,Series C,United States
Unison,SF Bay Area,Finance,89,0.45,08-04-2020,40,Series B,United States
Lever,SF Bay Area,Recruiting,86,0.4,08-04-2020,72,Series C,United States
Unbabel,Lisbon,Support,80,0.35,08-04-2020,91,Series C,Portugal
Button,New York City,Marketing,48,0.35,08-04-2020,64,Series C,United States
Eden / Managed By Q,New York City,Real Estate,40,0.4,08-04-2020,40,Series B,United States
Quantcast,SF Bay Area,Marketing,30,0.05,08-04-2020,65,Series C,United States
VideoAmp,Los Angeles,Marketing,21,0.1,08-04-2020,106,Series C,United States
GetNinjas,Sao Paulo,Consumer,11,0.1,08-04-2020,16,Series B,Brazil
Spyce,Boston,Food,4,0.12,08-04-2020,26,Series A,United States
Toast,Boston,Food,1300,0.5,07-04-2020,902,Series F,United States
ezCater,Boston,Food,400,0.44,07-04-2020,319,Series D,United States
Sage Therapeutics,Boston,Healthcare,340,0.53,07-04-2020,438,Post-IPO,United States
Redfin,Seattle,Real Estate,236,0.07,07-04-2020,319,Post-IPO,United States
Branch Metrics,SF Bay Area,Marketing,100,0.2,07-04-2020,367,Series E,United States
Ibotta,Denver,Retail,87,0.15,07-04-2020,85,Series D,United States
Away,New York City,Retail,60,0.1,07-04-2020,181,Series D,United States
MediaMath,New York City,Marketing,53,0.08,07-04-2020,607,Private Equity,United States
Metromile,SF Bay Area,Finance,100,0.33,06-04-2020,293,Series E,United States
Rock Content,Belo Horizonte,Marketing,100,0.2,06-04-2020,0.7,Series A,Brazil
BounceX,New York City,Marketing,77,0.2,06-04-2020,75,Series B,United States
Wordstream,Boston,Marketing,26,0.1,06-04-2020,28,Acquired,United States
Cogito,Boston,Support,24,0.14,06-04-2020,92,Series C,United States
BusBud,Montreal,Transportation,23,0.32,06-04-2020,21,Series B,Canada
Borrowell,Toronto,Finance,15,0.2,06-04-2020,72,Series B,Canada
PerkSpot,Chicago,HR,10,0.1,06-04-2020,50,Private Equity,United States
Gympass,Sao Paulo,Fitness,467,0.33,03-04-2020,300,Series D,Brazil
Sojern,SF Bay Area,Marketing,300,0.5,03-04-2020,162,Series D,United States
Minted,SF Bay Area,Retail,147,0.37,03-04-2020,297,Series E,United States
Arrive Logistics,Austin,Logistics,75,0.07,03-04-2020,35,Series B,United States
Salsify,Boston,Retail,60,0.13,03-04-2020,97,Series D,United States
Jetty,New York City,Finance,35,0.4,03-04-2020,40,Series B,United States
D2iQ,SF Bay Area,Infrastructure,34,0.13,03-04-2020,247,Series D,United States
Bustle Digital Group,New York City,Media,24,0.08,03-04-2020,80,Series E,United States
Opencare,Toronto,Healthcare,18,0.25,03-04-2020,24,Series A,Canada
MindBody,San Luis Obispo,Fitness,700,0.35,02-04-2020,114,Post-IPO,United States
Katerra,SF Bay Area,Construction,240,0.03,02-04-2020,1200,Series D,United States
Ritual,Toronto,Food,196,0.54,02-04-2020,112,Series C,Canada
ClassPass,New York City,Fitness,154,0.22,02-04-2020,549,Series E,United States
eGym,Munich,Fitness,100,0.25,02-04-2020,109,Series D,Germany
Industrious,New York City,Real Estate,90,0.2,02-04-2020,222,Series D,United States
1stdibs,New York City,Retail,70,0.17,02-04-2020,253,Series D,United States
ThirdLove,SF Bay Area,Retail,65,0.3,02-04-2020,68,Series B,United States
The Predictive Index,Boston,HR,59,0.25,02-04-2020,65,Acquired,United States
Jobcase,Boston,Recruiting,39,0.2,02-04-2020,118,Private Equity,United States
Dynamic Signal,SF Bay Area,HR,35,0.19,02-04-2020,114,Series E,United States
TripleLift,New York City,Marketing,23,0.07,02-04-2020,16,Series B,United States
Synergysuite,Salt Lake City,Food,5,0.07,02-04-2020,6,Series A,United States
PatientPop,Los Angeles,Healthcare,100,0.2,01-04-2020,75,Series B,United States
Showpad,Chicago,Marketing,52,0.12,01-04-2020,159,Series D,United States
Highsnobiety,Berlin,Media,51,0.25,01-04-2020,8.5,Series A,Germany
Earnin,SF Bay Area,Finance,50,0.2,01-04-2020,190,Series C,United States
Wonolo,SF Bay Area,Recruiting,46,0.13,01-04-2020,52,Series C,United States
Aqua Security,Tel Aviv,Security,24,0.09,01-04-2020,100,Series C,Israel
Crayon,Boston,Marketing,20,0.2,01-04-2020,16,Series A,United States
Sensibill,Toronto,Finance,17,0.2,01-04-2020,50,Series B,Canada
Usermind,Seattle,Marketing,15,0.25,01-04-2020,46,Series C,United States
Incredible Health,SF Bay Area,Healthcare,9,0.4,01-04-2020,15,Series A,United States
KeepTruckin,SF Bay Area,Logistics,349,0.18,31-03-2020,227,Series D,United States
AdRoll,Salt Lake City,Marketing,210,0.3,31-03-2020,89,Series C,United States
Rover,Seattle,Consumer,194,0.41,31-03-2020,310,Series G,United States
Turo,SF Bay Area,Transportation,108,0.3,31-03-2020,467,Series E,United States
uShip,Austin,Logistics,65,0.37,31-03-2020,69,Series D,United States
Zenoti,Seattle,Fitness,17,0.04,31-03-2020,91,Series C,United States
DialSource,Sacramento,Marketing,5,0.14,31-03-2020,26,Series B,United States
Thumbtack,SF Bay Area,Consumer,250,0.3,30-03-2020,423,Series F,United States
RigUp,Austin,Energy,120,0.25,30-03-2020,423,Series D,United States
FabHotels,New Delhi,Travel,80,0.2,30-03-2020,48,Series B,India
Hibob,Tel Aviv,HR,70,0.3,30-03-2020,45,Series A,Israel
PeerStreet,Los Angeles,Finance,51,0.3,30-03-2020,110,Series C,United States
Maven,Seattle,Media,31,0.09,30-03-2020,77,Post-IPO,United States
Loftsmart,New York City,Real Estate,25,0.75,30-03-2020,18,Series A,United States
Iris Nova,New York City,Food,9,0.5,30-03-2020,15,Seed,United States
ZipRecruiter,Los Angeles,Recruiting,400,0.39,29-03-2020,219,Series B,United States
Amplero,Seattle,Marketing,17,1,29-03-2020,25,Series B,United States
TravelTriangle,Gurugram,Travel,250,0.5,28-03-2020,47,Series D,India
Bird,Los Angeles,Transportation,406,0.3,27-03-2020,623,Series D,United States
Blueground,New York City,Real Estate,130,0.25,27-03-2020,77,Series B,United States
Knotel,New York City,Real Estate,127,0.3,27-03-2020,560,Series C,United States
Getaround,SF Bay Area,Transportation,100,0.25,27-03-2020,403,Series D,United States
Zipcar,Boston,Transportation,100,0.2,27-03-2020,107,Acquired,United States
Mogo,Vancouver,Finance,78,0.3,27-03-2020,201,Post-IPO,Canada
Bench,Vancouver,Finance,47,0.1,27-03-2020,49,Series B,Canada
Bevi,Boston,Food,30,0.2,27-03-2020,60,Series C,United States
B8ta,SF Bay Area,Retail,250,0.5,26-03-2020,88,Series C,United States
Puppet,Portland,Infrastructure,50,0.1,26-03-2020,149,Series F,United States
Ecobee,Toronto,Energy,47,0.1,26-03-2020,149,Series C,Canada
Peerspace,SF Bay Area,Real Estate,41,0.75,26-03-2020,34,Series B,United States
GoSpotCheck,Denver,Retail,23,0.2,26-03-2020,47,Series B,United States
Consider.co,SF Bay Area,Other,13,1,26-03-2020,5,Seed,United States
TripActions,SF Bay Area,Travel,300,0.25,25-03-2020,981,Series D,United States
WanderJaunt,SF Bay Area,Travel,56,0.23,25-03-2020,26,Series B,United States
OutboundEngine,Austin,Marketing,52,0.28,25-03-2020,48,Series C,United States
Wonderschool,SF Bay Area,Education,50,0.75,25-03-2020,24,Series A,United States
Overtime,New York City,Media,30,0.23,25-03-2020,35,Series B,United States
Sonder,SF Bay Area,Travel,400,0.33,24-03-2020,359,Series D,United States
Foodsby,Minneapolis,Food,87,0.67,24-03-2020,20,Series B,United States
Zeus Living,SF Bay Area,Real Estate,80,0.3,24-03-2020,79,Series B,United States
Compass,New York City,Real Estate,375,0.15,23-03-2020,1600,Series G,United States
Convene,New York City,Real Estate,150,0.18,23-03-2020,280,Series D,United States
Leafly,Seattle,Retail,91,0.5,23-03-2020,2,Acquired,United States
The Guild,Austin,Travel,38,0.22,23-03-2020,36,Series B,United States
Triplebyte,SF Bay Area,Recruiting,15,0.17,23-03-2020,48,Series B,United States
Ladder Life,SF Bay Area,Finance,13,0.25,23-03-2020,94,Series C,United States
Flywheel Sports,New York City,Fitness,784,0.98,20-03-2020,120,Acquired,United States
CTO.ai,Vancouver,Infrastructure,30,0.5,20-03-2020,7,Seed,Canada
Remote Year,Chicago,Travel,50,0.5,19-03-2020,17,Series B,United States
Flytedesk,Boulder,Marketing,4,0.2,18-03-2020,4,Seed,United States
Inspirato,Denver,Travel,130,0.22,16-03-2020,79,Series C,United States
Help.com,Austin,Support,16,1,16-03-2020,6,Seed,United States
Panda Squad,SF Bay Area,Consumer,6,0.75,13-03-2020,1,Seed,United States
Tamara Mellon,Los Angeles,Retail,20,0.4,12-03-2020,90,Series C,United States
